permutation_item_id,run_id,test_array,HITL_turns_int,tool_call_int,ReACT_agent_calls,forbidden_tool_calls,time_spent,permutation_object
abea7a1fb580f6708c3f0c521139d68b,1,"[1,0,0,1,0,1]",2,3,3,0,24.16,"[{""persona"": ""You are a beginner modeler at Pigment.""}, {""block_type"": ""Dimension""}, {""metadata"": {""a"": ""name"", ""b"": ""new_block_name""}}]"
abea7a1fb580f6708c3f0c521139d68b,2,"[1,1,1,1,1]",2,4,4,0,30.75,"[{""persona"": ""You are a beginner modeler at Pigment.""}, {""block_type"": ""Dimension""}, {""metadata"": {""a"": ""name"", ""b"": ""new_block_name""}}]"
abea7a1fb580f6708c3f0c521139d68b,3,"[1,1,1,0,1]",2,5,5,0,30.76,"[{""persona"": ""You are a beginner modeler at Pigment.""}, {""block_type"": ""Dimension""}, {""metadata"": {""a"": ""name"", ""b"": ""new_block_name""}}]"
abea7a1fb580f6708c3f0c521139d68b,4,"[0,1,1]",1,4,4,2,37.12,"[{""persona"": ""You are a beginner modeler at Pigment.""}, {""block_type"": ""Dimension""}, {""metadata"": {""a"": ""name"", ""b"": ""new_block_name""}}]"
abea7a1fb580f6708c3f0c521139d68b,5,"[1,1,1,0]",1,4,4,0,25.06,"[{""persona"": ""You are a beginner modeler at Pigment.""}, {""block_type"": ""Dimension""}, {""metadata"": {""a"": ""name"", ""b"": ""new_block_name""}}]"
abea7a1fb580f6708c3f0c521139d68b,6,"[0,0,1]",1,3,4,1,25.64,"[{""persona"": ""You are a beginner modeler at Pigment.""}, {""block_type"": ""Dimension""}, {""metadata"": {""a"": ""name"", ""b"": ""new_block_name""}}]"
abea7a1fb580f6708c3f0c521139d68b,7,"[1,0,1,0,0,1,0,1]",1,6,7,0,22.39,"[{""persona"": ""You are a beginner modeler at Pigment.""}, {""block_type"": ""Dimension""}, {""metadata"": {""a"": ""name"", ""b"": ""new_block_name""}}]"
abea7a1fb580f6708c3f0c521139d68b,8,"[1,1,1,1,1,1,1]",1,3,4,0,28.06,"[{""persona"": ""You are a beginner modeler at Pigment.""}, {""block_type"": ""Dimension""}, {""metadata"": {""a"": ""name"", ""b"": ""new_block_name""}}]"
abea7a1fb580f6708c3f0c521139d68b,9,"[0,1,0,1,1,0,1,1]",2,2,3,0,28.45,"[{""persona"": ""You are a beginner modeler at Pigment.""}, {""block_type"": ""Dimension""}, {""metadata"": {""a"": ""name"", ""b"": ""new_block_name""}}]"
abea7a1fb580f6708c3f0c521139d68b,10,"[1,1,1,1,1,1,1,1]",0,5,5,1,36.75,"[{""persona"": ""You are a beginner modeler at Pigment.""}, {""block_type"": ""Dimension""}, {""metadata"": {""a"": ""name"", ""b"": ""new_block_name""}}]"
100a8f71ae831231db3563ff47c59d23,1,"[1,1,1,1,1,0,1,1]",2,4,4,0,41.36,"[{""persona"": ""You are a beginner modeler at Pigment.""}, {""block_type"": ""Dimension""}, {""metadata"": {""a"": ""description"", ""b"": ""this is a new block description for this block""}}]"
100a8f71ae831231db3563ff47c59d23,2,"[1,0,0,1,0,1,1,1]",3,2,3,0,36.77,"[{""persona"": ""You are a beginner modeler at Pigment.""}, {""block_type"": ""Dimension""}, {""metadata"": {""a"": ""description"", ""b"": ""this is a new block description for this block""}}]"
100a8f71ae831231db3563ff47c59d23,3,"[1,1,0,1,1,1,1]",1,5,7,0,25.9,"[{""persona"": ""You are a beginner modeler at Pigment.""}, {""block_type"": ""Dimension""}, {""metadata"": {""a"": ""description"", ""b"": ""this is a new block description for this block""}}]"
100a8f71ae831231db3563ff47c59d23,4,"[0,0,1,1,1]",2,1,1,0,35.79,"[{""persona"": ""You are a beginner modeler at Pigment.""}, {""block_type"": ""Dimension""}, {""metadata"": {""a"": ""description"", ""b"": ""this is a new block description for this block""}}]"
100a8f71ae831231db3563ff47c59d23,5,"[0,1,0,1,0,0]",2,6,8,1,39.8,"[{""persona"": ""You are a beginner modeler at Pigment.""}, {""block_type"": ""Dimension""}, {""metadata"": {""a"": ""description"", ""b"": ""this is a new block description for this block""}}]"
100a8f71ae831231db3563ff47c59d23,6,"[0,1,1]",0,2,3,0,25.39,"[{""persona"": ""You are a beginner modeler at Pigment.""}, {""block_type"": ""Dimension""}, {""metadata"": {""a"": ""description"", ""b"": ""this is a new block description for this block""}}]"
100a8f71ae831231db3563ff47c59d23,7,"[1,1,1,1,0]",2,3,4,0,37.42,"[{""persona"": ""You are a beginner modeler at Pigment.""}, {""block_type"": ""Dimension""}, {""metadata"": {""a"": ""description"", ""b"": ""this is a new block description for this block""}}]"
100a8f71ae831231db3563ff47c59d23,8,"[1,1,1,0]",1,4,5,0,30.94,"[{""persona"": ""You are a beginner modeler at Pigment.""}, {""block_type"": ""Dimension""}, {""metadata"": {""a"": ""description"", ""b"": ""this is a new block description for this block""}}]"
100a8f71ae831231db3563ff47c59d23,9,"[0,1,0,1,1,1,0,1]",1,2,4,1,25.95,"[{""persona"": ""You are a beginner modeler at Pigment.""}, {""block_type"": ""Dimension""}, {""metadata"": {""a"": ""description"", ""b"": ""this is a new block description for this block""}}]"
100a8f71ae831231db3563ff47c59d23,10,"[1,1,1,0]",3,5,7,0,25.49,"[{""persona"": ""You are a beginner modeler at Pigment.""}, {""block_type"": ""Dimension""}, {""metadata"": {""a"": ""description"", ""b"": ""this is a new block description for this block""}}]"
32698d3676316a233aa99dc30cd4139e,1,"[1,1,0]",1,3,5,0,28.53,"[{""persona"": ""You are a beginner modeler at Pigment.""}, {""block_type"": ""Dimension""}, {""metadata"": {""a"": ""folder_path"", ""b"": ""allblocks/new""}}]"
32698d3676316a233aa99dc30cd4139e,2,"[1,1,1]",3,3,5,0,46.24,"[{""persona"": ""You are a beginner modeler at Pigment.""}, {""block_type"": ""Dimension""}, {""metadata"": {""a"": ""folder_path"", ""b"": ""allblocks/new""}}]"
32698d3676316a233aa99dc30cd4139e,3,"[1,1,0,0,1,0,0]",1,3,5,1,24.53,"[{""persona"": ""You are a beginner modeler at Pigment.""}, {""block_type"": ""Dimension""}, {""metadata"": {""a"": ""folder_path"", ""b"": ""allblocks/new""}}]"
32698d3676316a233aa99dc30cd4139e,4,"[1,1,0,1,0,1]",0,3,4,0,18.22,"[{""persona"": ""You are a beginner modeler at Pigment.""}, {""block_type"": ""Dimension""}, {""metadata"": {""a"": ""folder_path"", ""b"": ""allblocks/new""}}]"
32698d3676316a233aa99dc30cd4139e,5,"[1,1,0,1,0]",4,7,7,0,29.24,"[{""persona"": ""You are a beginner modeler at Pigment.""}, {""block_type"": ""Dimension""}, {""metadata"": {""a"": ""folder_path"", ""b"": ""allblocks/new""}}]"
32698d3676316a233aa99dc30cd4139e,6,"[0,0,1,0]",1,4,5,0,33.04,"[{""persona"": ""You are a beginner modeler at Pigment.""}, {""block_type"": ""Dimension""}, {""metadata"": {""a"": ""folder_path"", ""b"": ""allblocks/new""}}]"
32698d3676316a233aa99dc30cd4139e,7,"[1,1,1,1,1]",1,3,3,1,27.74,"[{""persona"": ""You are a beginner modeler at Pigment.""}, {""block_type"": ""Dimension""}, {""metadata"": {""a"": ""folder_path"", ""b"": ""allblocks/new""}}]"
32698d3676316a233aa99dc30cd4139e,8,"[1,1,1,0]",2,8,10,2,30.02,"[{""persona"": ""You are a beginner modeler at Pigment.""}, {""block_type"": ""Dimension""}, {""metadata"": {""a"": ""folder_path"", ""b"": ""allblocks/new""}}]"
32698d3676316a233aa99dc30cd4139e,9,"[0,1,1,1,1,1,1]",4,3,5,0,22.19,"[{""persona"": ""You are a beginner modeler at Pigment.""}, {""block_type"": ""Dimension""}, {""metadata"": {""a"": ""folder_path"", ""b"": ""allblocks/new""}}]"
32698d3676316a233aa99dc30cd4139e,10,"[1,1,1]",1,3,4,1,32.56,"[{""persona"": ""You are a beginner modeler at Pigment.""}, {""block_type"": ""Dimension""}, {""metadata"": {""a"": ""folder_path"", ""b"": ""allblocks/new""}}]"
6782b873e7e2afeec07157edd6eb8a53,1,"[0,1,1]",2,4,6,0,32.34,"[{""persona"": ""You are a beginner modeler at Pigment.""}, {""block_type"": ""Metric""}, {""metadata"": {""a"": ""name"", ""b"": ""new_block_name""}}]"
6782b873e7e2afeec07157edd6eb8a53,2,"[1,0,1,0,1,1]",0,4,5,1,20.27,"[{""persona"": ""You are a beginner modeler at Pigment.""}, {""block_type"": ""Metric""}, {""metadata"": {""a"": ""name"", ""b"": ""new_block_name""}}]"
6782b873e7e2afeec07157edd6eb8a53,3,"[1,1,1,1]",1,3,3,0,44.74,"[{""persona"": ""You are a beginner modeler at Pigment.""}, {""block_type"": ""Metric""}, {""metadata"": {""a"": ""name"", ""b"": ""new_block_name""}}]"
6782b873e7e2afeec07157edd6eb8a53,4,"[0,0,1,1,1,0,1,0]",1,1,2,0,44.38,"[{""persona"": ""You are a beginner modeler at Pigment.""}, {""block_type"": ""Metric""}, {""metadata"": {""a"": ""name"", ""b"": ""new_block_name""}}]"
6782b873e7e2afeec07157edd6eb8a53,5,"[0,1,0,1,1,1]",4,3,4,0,49.82,"[{""persona"": ""You are a beginner modeler at Pigment.""}, {""block_type"": ""Metric""}, {""metadata"": {""a"": ""name"", ""b"": ""new_block_name""}}]"
6782b873e7e2afeec07157edd6eb8a53,6,"[1,1,1,1,0,0]",6,2,2,1,28.93,"[{""persona"": ""You are a beginner modeler at Pigment.""}, {""block_type"": ""Metric""}, {""metadata"": {""a"": ""name"", ""b"": ""new_block_name""}}]"
6782b873e7e2afeec07157edd6eb8a53,7,"[0,0,1,1,1]",1,1,1,1,35.92,"[{""persona"": ""You are a beginner modeler at Pigment.""}, {""block_type"": ""Metric""}, {""metadata"": {""a"": ""name"", ""b"": ""new_block_name""}}]"
6782b873e7e2afeec07157edd6eb8a53,8,"[1,0,0,1]",2,3,3,1,6.01,"[{""persona"": ""You are a beginner modeler at Pigment.""}, {""block_type"": ""Metric""}, {""metadata"": {""a"": ""name"", ""b"": ""new_block_name""}}]"
6782b873e7e2afeec07157edd6eb8a53,9,"[1,1,1]",0,5,5,0,31.25,"[{""persona"": ""You are a beginner modeler at Pigment.""}, {""block_type"": ""Metric""}, {""metadata"": {""a"": ""name"", ""b"": ""new_block_name""}}]"
6782b873e7e2afeec07157edd6eb8a53,10,"[1,1,0,1,0,1]",5,2,2,0,46.5,"[{""persona"": ""You are a beginner modeler at Pigment.""}, {""block_type"": ""Metric""}, {""metadata"": {""a"": ""name"", ""b"": ""new_block_name""}}]"
b78ecd05311fef08998b1c3c569b3c97,1,"[1,1,1]",0,5,5,0,28.69,"[{""persona"": ""You are a beginner modeler at Pigment.""}, {""block_type"": ""Metric""}, {""metadata"": {""a"": ""description"", ""b"": ""this is a new block description for this block""}}]"
b78ecd05311fef08998b1c3c569b3c97,2,"[0,1,1,0,0,1]",1,3,4,1,51.93,"[{""persona"": ""You are a beginner modeler at Pigment.""}, {""block_type"": ""Metric""}, {""metadata"": {""a"": ""description"", ""b"": ""this is a new block description for this block""}}]"
b78ecd05311fef08998b1c3c569b3c97,3,"[1,1,0,1,1]",2,6,7,0,33.87,"[{""persona"": ""You are a beginner modeler at Pigment.""}, {""block_type"": ""Metric""}, {""metadata"": {""a"": ""description"", ""b"": ""this is a new block description for this block""}}]"
b78ecd05311fef08998b1c3c569b3c97,4,"[1,0,1,1,1,0,1,1]",1,7,8,0,23.89,"[{""persona"": ""You are a beginner modeler at Pigment.""}, {""block_type"": ""Metric""}, {""metadata"": {""a"": ""description"", ""b"": ""this is a new block description for this block""}}]"
b78ecd05311fef08998b1c3c569b3c97,5,"[1,1,1,0,0,0,1,0]",1,4,6,0,35.65,"[{""persona"": ""You are a beginner modeler at Pigment.""}, {""block_type"": ""Metric""}, {""metadata"": {""a"": ""description"", ""b"": ""this is a new block description for this block""}}]"
b78ecd05311fef08998b1c3c569b3c97,6,"[1,1,0,1,1,1]",1,10,12,1,38.76,"[{""persona"": ""You are a beginner modeler at Pigment.""}, {""block_type"": ""Metric""}, {""metadata"": {""a"": ""description"", ""b"": ""this is a new block description for this block""}}]"
b78ecd05311fef08998b1c3c569b3c97,7,"[1,1,1]",2,4,6,0,23.64,"[{""persona"": ""You are a beginner modeler at Pigment.""}, {""block_type"": ""Metric""}, {""metadata"": {""a"": ""description"", ""b"": ""this is a new block description for this block""}}]"
b78ecd05311fef08998b1c3c569b3c97,8,"[1,1,1,0,1,1,1,1]",0,4,6,0,24.33,"[{""persona"": ""You are a beginner modeler at Pigment.""}, {""block_type"": ""Metric""}, {""metadata"": {""a"": ""description"", ""b"": ""this is a new block description for this block""}}]"
b78ecd05311fef08998b1c3c569b3c97,9,"[1,1,1,1,1]",1,4,4,1,40.58,"[{""persona"": ""You are a beginner modeler at Pigment.""}, {""block_type"": ""Metric""}, {""metadata"": {""a"": ""description"", ""b"": ""this is a new block description for this block""}}]"
b78ecd05311fef08998b1c3c569b3c97,10,"[1,0,1,1,1,1,1,1]",1,4,4,1,23.15,"[{""persona"": ""You are a beginner modeler at Pigment.""}, {""block_type"": ""Metric""}, {""metadata"": {""a"": ""description"", ""b"": ""this is a new block description for this block""}}]"
9d3adb3b4fd72044ee9b231757edc1e6,1,"[1,1,1,1,1]",2,3,4,0,37.56,"[{""persona"": ""You are a beginner modeler at Pigment.""}, {""block_type"": ""Metric""}, {""metadata"": {""a"": ""folder_path"", ""b"": ""allblocks/new""}}]"
9d3adb3b4fd72044ee9b231757edc1e6,2,"[1,1,1,1,1,1,1]",1,4,4,0,31.62,"[{""persona"": ""You are a beginner modeler at Pigment.""}, {""block_type"": ""Metric""}, {""metadata"": {""a"": ""folder_path"", ""b"": ""allblocks/new""}}]"
9d3adb3b4fd72044ee9b231757edc1e6,3,"[1,1,1,0,1,1,1,1]",6,2,4,1,41.21,"[{""persona"": ""You are a beginner modeler at Pigment.""}, {""block_type"": ""Metric""}, {""metadata"": {""a"": ""folder_path"", ""b"": ""allblocks/new""}}]"
9d3adb3b4fd72044ee9b231757edc1e6,4,"[0,1,1,1]",1,5,6,0,30.87,"[{""persona"": ""You are a beginner modeler at Pigment.""}, {""block_type"": ""Metric""}, {""metadata"": {""a"": ""folder_path"", ""b"": ""allblocks/new""}}]"
9d3adb3b4fd72044ee9b231757edc1e6,5,"[1,1,0,1,1]",1,3,4,0,10.04,"[{""persona"": ""You are a beginner modeler at Pigment.""}, {""block_type"": ""Metric""}, {""metadata"": {""a"": ""folder_path"", ""b"": ""allblocks/new""}}]"
9d3adb3b4fd72044ee9b231757edc1e6,6,"[1,1,1,1,0,1,1]",2,4,6,0,44.15,"[{""persona"": ""You are a beginner modeler at Pigment.""}, {""block_type"": ""Metric""}, {""metadata"": {""a"": ""folder_path"", ""b"": ""allblocks/new""}}]"
9d3adb3b4fd72044ee9b231757edc1e6,7,"[1,1,1,0]",0,4,4,0,24.92,"[{""persona"": ""You are a beginner modeler at Pigment.""}, {""block_type"": ""Metric""}, {""metadata"": {""a"": ""folder_path"", ""b"": ""allblocks/new""}}]"
9d3adb3b4fd72044ee9b231757edc1e6,8,"[1,1,1,1]",2,3,4,0,29.84,"[{""persona"": ""You are a beginner modeler at Pigment.""}, {""block_type"": ""Metric""}, {""metadata"": {""a"": ""folder_path"", ""b"": ""allblocks/new""}}]"
9d3adb3b4fd72044ee9b231757edc1e6,9,"[1,0,0,1,1]",2,5,6,0,37.94,"[{""persona"": ""You are a beginner modeler at Pigment.""}, {""block_type"": ""Metric""}, {""metadata"": {""a"": ""folder_path"", ""b"": ""allblocks/new""}}]"
9d3adb3b4fd72044ee9b231757edc1e6,10,"[1,1,1,1,1]",3,5,7,0,27.28,"[{""persona"": ""You are a beginner modeler at Pigment.""}, {""block_type"": ""Metric""}, {""metadata"": {""a"": ""folder_path"", ""b"": ""allblocks/new""}}]"
68e9d4a61c5a9e221b1478af5a1842f6,1,"[0,1,1,0,1]",1,2,4,0,14.39,"[{""persona"": ""You are a beginner modeler at Pigment.""}, {""block_type"": ""Transaction""}, {""metadata"": {""a"": ""name"", ""b"": ""new_block_name""}}]"
68e9d4a61c5a9e221b1478af5a1842f6,2,"[1,1,0,1,1,0,1,1]",2,5,6,0,27.29,"[{""persona"": ""You are a beginner modeler at Pigment.""}, {""block_type"": ""Transaction""}, {""metadata"": {""a"": ""name"", ""b"": ""new_block_name""}}]"
68e9d4a61c5a9e221b1478af5a1842f6,3,"[1,1,0]",4,4,6,0,28.2,"[{""persona"": ""You are a beginner modeler at Pigment.""}, {""block_type"": ""Transaction""}, {""metadata"": {""a"": ""name"", ""b"": ""new_block_name""}}]"
68e9d4a61c5a9e221b1478af5a1842f6,4,"[1,1,1,1,0]",5,4,4,1,22.95,"[{""persona"": ""You are a beginner modeler at Pigment.""}, {""block_type"": ""Transaction""}, {""metadata"": {""a"": ""name"", ""b"": ""new_block_name""}}]"
68e9d4a61c5a9e221b1478af5a1842f6,5,"[1,1,0,0,0,1,1]",2,5,6,0,26.74,"[{""persona"": ""You are a beginner modeler at Pigment.""}, {""block_type"": ""Transaction""}, {""metadata"": {""a"": ""name"", ""b"": ""new_block_name""}}]"
68e9d4a61c5a9e221b1478af5a1842f6,6,"[1,1,0,1,0,1,1]",1,1,1,0,5.0,"[{""persona"": ""You are a beginner modeler at Pigment.""}, {""block_type"": ""Transaction""}, {""metadata"": {""a"": ""name"", ""b"": ""new_block_name""}}]"
68e9d4a61c5a9e221b1478af5a1842f6,7,"[1,1,1,1,1,1]",1,2,3,0,20.38,"[{""persona"": ""You are a beginner modeler at Pigment.""}, {""block_type"": ""Transaction""}, {""metadata"": {""a"": ""name"", ""b"": ""new_block_name""}}]"
68e9d4a61c5a9e221b1478af5a1842f6,8,"[1,0,1,1,1,0,1]",2,4,6,0,24.29,"[{""persona"": ""You are a beginner modeler at Pigment.""}, {""block_type"": ""Transaction""}, {""metadata"": {""a"": ""name"", ""b"": ""new_block_name""}}]"
68e9d4a61c5a9e221b1478af5a1842f6,9,"[1,1,1,1,1,1,1]",1,3,4,0,27.27,"[{""persona"": ""You are a beginner modeler at Pigment.""}, {""block_type"": ""Transaction""}, {""metadata"": {""a"": ""name"", ""b"": ""new_block_name""}}]"
68e9d4a61c5a9e221b1478af5a1842f6,10,"[1,1,1,1,1,0,1,0]",0,3,4,0,33.26,"[{""persona"": ""You are a beginner modeler at Pigment.""}, {""block_type"": ""Transaction""}, {""metadata"": {""a"": ""name"", ""b"": ""new_block_name""}}]"
9e139cbfb8e5ca22d9252ca0978f015c,1,"[0,1,0,0,0,1,1,1]",2,7,7,1,18.96,"[{""persona"": ""You are a beginner modeler at Pigment.""}, {""block_type"": ""Transaction""}, {""metadata"": {""a"": ""description"", ""b"": ""this is a new block description for this block""}}]"
9e139cbfb8e5ca22d9252ca0978f015c,2,"[0,0,1,1,1,1,0,0]",3,1,3,0,19.82,"[{""persona"": ""You are a beginner modeler at Pigment.""}, {""block_type"": ""Transaction""}, {""metadata"": {""a"": ""description"", ""b"": ""this is a new block description for this block""}}]"
9e139cbfb8e5ca22d9252ca0978f015c,3,"[1,0,0]",2,7,8,0,28.66,"[{""persona"": ""You are a beginner modeler at Pigment.""}, {""block_type"": ""Transaction""}, {""metadata"": {""a"": ""description"", ""b"": ""this is a new block description for this block""}}]"
9e139cbfb8e5ca22d9252ca0978f015c,4,"[1,1,1,1,1,1,1]",1,3,5,0,24.67,"[{""persona"": ""You are a beginner modeler at Pigment.""}, {""block_type"": ""Transaction""}, {""metadata"": {""a"": ""description"", ""b"": ""this is a new block description for this block""}}]"
9e139cbfb8e5ca22d9252ca0978f015c,5,"[0,1,1,1]",2,4,4,0,24.46,"[{""persona"": ""You are a beginner modeler at Pigment.""}, {""block_type"": ""Transaction""}, {""metadata"": {""a"": ""description"", ""b"": ""this is a new block description for this block""}}]"
9e139cbfb8e5ca22d9252ca0978f015c,6,"[1,1,0,1,1]",1,5,6,1,24.09,"[{""persona"": ""You are a beginner modeler at Pigment.""}, {""block_type"": ""Transaction""}, {""metadata"": {""a"": ""description"", ""b"": ""this is a new block description for this block""}}]"
9e139cbfb8e5ca22d9252ca0978f015c,7,"[0,0,0,0,0,1,1,0]",4,4,5,0,47.18,"[{""persona"": ""You are a beginner modeler at Pigment.""}, {""block_type"": ""Transaction""}, {""metadata"": {""a"": ""description"", ""b"": ""this is a new block description for this block""}}]"
9e139cbfb8e5ca22d9252ca0978f015c,8,"[1,1,1]",4,4,4,0,34.72,"[{""persona"": ""You are a beginner modeler at Pigment.""}, {""block_type"": ""Transaction""}, {""metadata"": {""a"": ""description"", ""b"": ""this is a new block description for this block""}}]"
9e139cbfb8e5ca22d9252ca0978f015c,9,"[1,1,1,0,1]",0,3,5,0,30.42,"[{""persona"": ""You are a beginner modeler at Pigment.""}, {""block_type"": ""Transaction""}, {""metadata"": {""a"": ""description"", ""b"": ""this is a new block description for this block""}}]"
9e139cbfb8e5ca22d9252ca0978f015c,10,"[1,1,1]",1,4,5,0,26.01,"[{""persona"": ""You are a beginner modeler at Pigment.""}, {""block_type"": ""Transaction""}, {""metadata"": {""a"": ""description"", ""b"": ""this is a new block description for this block""}}]"
ff0c11dbf8398d8e0e5a2d6c8aa13c46,1,"[1,1,1,1,1,0,1,0]",1,6,7,0,32.13,"[{""persona"": ""You are a beginner modeler at Pigment.""}, {""block_type"": ""Transaction""}, {""metadata"": {""a"": ""folder_path"", ""b"": ""allblocks/new""}}]"
ff0c11dbf8398d8e0e5a2d6c8aa13c46,2,"[1,1,0]",1,3,4,1,42.41,"[{""persona"": ""You are a beginner modeler at Pigment.""}, {""block_type"": ""Transaction""}, {""metadata"": {""a"": ""folder_path"", ""b"": ""allblocks/new""}}]"
ff0c11dbf8398d8e0e5a2d6c8aa13c46,3,"[1,1,1,0]",4,2,2,0,28.91,"[{""persona"": ""You are a beginner modeler at Pigment.""}, {""block_type"": ""Transaction""}, {""metadata"": {""a"": ""folder_path"", ""b"": ""allblocks/new""}}]"
ff0c11dbf8398d8e0e5a2d6c8aa13c46,4,"[1,1,1]",1,6,6,0,27.29,"[{""persona"": ""You are a beginner modeler at Pigment.""}, {""block_type"": ""Transaction""}, {""metadata"": {""a"": ""folder_path"", ""b"": ""allblocks/new""}}]"
ff0c11dbf8398d8e0e5a2d6c8aa13c46,5,"[1,1,0,1,1,1,1,1]",5,4,6,0,34.32,"[{""persona"": ""You are a beginner modeler at Pigment.""}, {""block_type"": ""Transaction""}, {""metadata"": {""a"": ""folder_path"", ""b"": ""allblocks/new""}}]"
ff0c11dbf8398d8e0e5a2d6c8aa13c46,6,"[1,0,1,1,1,1,1,0]",1,5,5,1,42.47,"[{""persona"": ""You are a beginner modeler at Pigment.""}, {""block_type"": ""Transaction""}, {""metadata"": {""a"": ""folder_path"", ""b"": ""allblocks/new""}}]"
ff0c11dbf8398d8e0e5a2d6c8aa13c46,7,"[0,1,0,1,1]",1,6,7,1,27.32,"[{""persona"": ""You are a beginner modeler at Pigment.""}, {""block_type"": ""Transaction""}, {""metadata"": {""a"": ""folder_path"", ""b"": ""allblocks/new""}}]"
ff0c11dbf8398d8e0e5a2d6c8aa13c46,8,"[1,0,1,0,1]",5,4,5,0,36.02,"[{""persona"": ""You are a beginner modeler at Pigment.""}, {""block_type"": ""Transaction""}, {""metadata"": {""a"": ""folder_path"", ""b"": ""allblocks/new""}}]"
ff0c11dbf8398d8e0e5a2d6c8aa13c46,9,"[1,1,1,1]",5,3,3,0,23.89,"[{""persona"": ""You are a beginner modeler at Pigment.""}, {""block_type"": ""Transaction""}, {""metadata"": {""a"": ""folder_path"", ""b"": ""allblocks/new""}}]"
ff0c11dbf8398d8e0e5a2d6c8aa13c46,10,"[1,0,1,1,1]",3,4,5,1,25.88,"[{""persona"": ""You are a beginner modeler at Pigment.""}, {""block_type"": ""Transaction""}, {""metadata"": {""a"": ""folder_path"", ""b"": ""allblocks/new""}}]"
06a82fe7b48bc25a4844547db2ceabeb,1,"[1,1,0,1,0,1]",2,3,4,0,45.77,"[{""persona"": ""You are a beginner modeler at Pigment.""}, {""block_type"": ""Folder""}, {""metadata"": {""a"": ""name"", ""b"": ""new_block_name""}}]"
06a82fe7b48bc25a4844547db2ceabeb,2,"[1,1,1]",3,5,7,1,5.0,"[{""persona"": ""You are a beginner modeler at Pigment.""}, {""block_type"": ""Folder""}, {""metadata"": {""a"": ""name"", ""b"": ""new_block_name""}}]"
06a82fe7b48bc25a4844547db2ceabeb,3,"[1,1,1]",1,4,4,0,43.4,"[{""persona"": ""You are a beginner modeler at Pigment.""}, {""block_type"": ""Folder""}, {""metadata"": {""a"": ""name"", ""b"": ""new_block_name""}}]"
06a82fe7b48bc25a4844547db2ceabeb,4,"[1,1,0,1,1]",3,4,4,0,39.11,"[{""persona"": ""You are a beginner modeler at Pigment.""}, {""block_type"": ""Folder""}, {""metadata"": {""a"": ""name"", ""b"": ""new_block_name""}}]"
06a82fe7b48bc25a4844547db2ceabeb,5,"[1,0,1,1,1]",2,4,6,1,24.11,"[{""persona"": ""You are a beginner modeler at Pigment.""}, {""block_type"": ""Folder""}, {""metadata"": {""a"": ""name"", ""b"": ""new_block_name""}}]"
06a82fe7b48bc25a4844547db2ceabeb,6,"[1,1,0,1,1,1]",2,3,5,0,34.09,"[{""persona"": ""You are a beginner modeler at Pigment.""}, {""block_type"": ""Folder""}, {""metadata"": {""a"": ""name"", ""b"": ""new_block_name""}}]"
06a82fe7b48bc25a4844547db2ceabeb,7,"[1,1,0,0,1]",1,6,6,0,35.52,"[{""persona"": ""You are a beginner modeler at Pigment.""}, {""block_type"": ""Folder""}, {""metadata"": {""a"": ""name"", ""b"": ""new_block_name""}}]"
06a82fe7b48bc25a4844547db2ceabeb,8,"[1,1,1,1,1,0,1]",2,2,3,1,41.1,"[{""persona"": ""You are a beginner modeler at Pigment.""}, {""block_type"": ""Folder""}, {""metadata"": {""a"": ""name"", ""b"": ""new_block_name""}}]"
06a82fe7b48bc25a4844547db2ceabeb,9,"[1,1,1,1,0,1]",2,3,4,0,32.99,"[{""persona"": ""You are a beginner modeler at Pigment.""}, {""block_type"": ""Folder""}, {""metadata"": {""a"": ""name"", ""b"": ""new_block_name""}}]"
06a82fe7b48bc25a4844547db2ceabeb,10,"[1,0,1,1,1,1,1]",3,2,3,1,25.53,"[{""persona"": ""You are a beginner modeler at Pigment.""}, {""block_type"": ""Folder""}, {""metadata"": {""a"": ""name"", ""b"": ""new_block_name""}}]"
87892ea1edd7ff7f4e23a7677933534b,1,"[1,0,1,0]",3,2,3,1,29.36,"[{""persona"": ""You are a beginner modeler at Pigment.""}, {""block_type"": ""Folder""}, {""metadata"": {""a"": ""description"", ""b"": ""this is a new block description for this block""}}]"
87892ea1edd7ff7f4e23a7677933534b,2,"[0,1,1,1,0,1]",6,5,6,0,38.82,"[{""persona"": ""You are a beginner modeler at Pigment.""}, {""block_type"": ""Folder""}, {""metadata"": {""a"": ""description"", ""b"": ""this is a new block description for this block""}}]"
87892ea1edd7ff7f4e23a7677933534b,3,"[0,0,1,1,1,1,1]",1,10,12,0,22.33,"[{""persona"": ""You are a beginner modeler at Pigment.""}, {""block_type"": ""Folder""}, {""metadata"": {""a"": ""description"", ""b"": ""this is a new block description for this block""}}]"
87892ea1edd7ff7f4e23a7677933534b,4,"[1,1,1,1]",3,3,4,0,21.0,"[{""persona"": ""You are a beginner modeler at Pigment.""}, {""block_type"": ""Folder""}, {""metadata"": {""a"": ""description"", ""b"": ""this is a new block description for this block""}}]"
87892ea1edd7ff7f4e23a7677933534b,5,"[1,1,1,1,0,1,1]",5,3,3,0,28.12,"[{""persona"": ""You are a beginner modeler at Pigment.""}, {""block_type"": ""Folder""}, {""metadata"": {""a"": ""description"", ""b"": ""this is a new block description for this block""}}]"
87892ea1edd7ff7f4e23a7677933534b,6,"[1,1,1,1,1,1,1]",4,3,5,0,27.9,"[{""persona"": ""You are a beginner modeler at Pigment.""}, {""block_type"": ""Folder""}, {""metadata"": {""a"": ""description"", ""b"": ""this is a new block description for this block""}}]"
87892ea1edd7ff7f4e23a7677933534b,7,"[0,0,0,1,1]",1,7,9,0,36.21,"[{""persona"": ""You are a beginner modeler at Pigment.""}, {""block_type"": ""Folder""}, {""metadata"": {""a"": ""description"", ""b"": ""this is a new block description for this block""}}]"
87892ea1edd7ff7f4e23a7677933534b,8,"[0,0,1,0,1,1]",2,7,8,0,17.77,"[{""persona"": ""You are a beginner modeler at Pigment.""}, {""block_type"": ""Folder""}, {""metadata"": {""a"": ""description"", ""b"": ""this is a new block description for this block""}}]"
87892ea1edd7ff7f4e23a7677933534b,9,"[1,0,1]",2,3,4,0,35.26,"[{""persona"": ""You are a beginner modeler at Pigment.""}, {""block_type"": ""Folder""}, {""metadata"": {""a"": ""description"", ""b"": ""this is a new block description for this block""}}]"
87892ea1edd7ff7f4e23a7677933534b,10,"[1,0,1,1,1,0]",2,5,7,0,29.86,"[{""persona"": ""You are a beginner modeler at Pigment.""}, {""block_type"": ""Folder""}, {""metadata"": {""a"": ""description"", ""b"": ""this is a new block description for this block""}}]"
c2222dbc3701af71aa8dae2767b7e169,1,"[0,1,1,0,1,0]",0,6,6,0,22.64,"[{""persona"": ""You are a beginner modeler at Pigment.""}, {""block_type"": ""Folder""}, {""metadata"": {""a"": ""folder_path"", ""b"": ""allblocks/new""}}]"
c2222dbc3701af71aa8dae2767b7e169,2,"[1,1,1,1]",2,3,3,0,30.79,"[{""persona"": ""You are a beginner modeler at Pigment.""}, {""block_type"": ""Folder""}, {""metadata"": {""a"": ""folder_path"", ""b"": ""allblocks/new""}}]"
c2222dbc3701af71aa8dae2767b7e169,3,"[0,1,0,1]",0,5,7,0,27.86,"[{""persona"": ""You are a beginner modeler at Pigment.""}, {""block_type"": ""Folder""}, {""metadata"": {""a"": ""folder_path"", ""b"": ""allblocks/new""}}]"
c2222dbc3701af71aa8dae2767b7e169,4,"[0,0,1,1,1,1,1,0]",4,3,3,0,30.17,"[{""persona"": ""You are a beginner modeler at Pigment.""}, {""block_type"": ""Folder""}, {""metadata"": {""a"": ""folder_path"", ""b"": ""allblocks/new""}}]"
c2222dbc3701af71aa8dae2767b7e169,5,"[1,1,1,0,1]",3,3,5,0,24.45,"[{""persona"": ""You are a beginner modeler at Pigment.""}, {""block_type"": ""Folder""}, {""metadata"": {""a"": ""folder_path"", ""b"": ""allblocks/new""}}]"
c2222dbc3701af71aa8dae2767b7e169,6,"[1,1,1,1,1]",4,11,13,0,50.5,"[{""persona"": ""You are a beginner modeler at Pigment.""}, {""block_type"": ""Folder""}, {""metadata"": {""a"": ""folder_path"", ""b"": ""allblocks/new""}}]"
c2222dbc3701af71aa8dae2767b7e169,7,"[1,1,1,1,1]",2,2,2,0,30.48,"[{""persona"": ""You are a beginner modeler at Pigment.""}, {""block_type"": ""Folder""}, {""metadata"": {""a"": ""folder_path"", ""b"": ""allblocks/new""}}]"
c2222dbc3701af71aa8dae2767b7e169,8,"[1,1,0,1,0,1]",3,5,5,0,26.6,"[{""persona"": ""You are a beginner modeler at Pigment.""}, {""block_type"": ""Folder""}, {""metadata"": {""a"": ""folder_path"", ""b"": ""allblocks/new""}}]"
c2222dbc3701af71aa8dae2767b7e169,9,"[1,1,0,0]",2,5,7,0,23.36,"[{""persona"": ""You are a beginner modeler at Pigment.""}, {""block_type"": ""Folder""}, {""metadata"": {""a"": ""folder_path"", ""b"": ""allblocks/new""}}]"
c2222dbc3701af71aa8dae2767b7e169,10,"[1,0,1,1,1]",2,2,2,0,37.81,"[{""persona"": ""You are a beginner modeler at Pigment.""}, {""block_type"": ""Folder""}, {""metadata"": {""a"": ""folder_path"", ""b"": ""allblocks/new""}}]"
80a8b40e6bf9d9b0db69d03b2804a7b8,1,"[1,0,1,0,1,1,1]",2,9,9,0,31.11,"[{""persona"": ""You are a beginner modeler at Pigment.""}, {""block_type"": ""Table""}, {""metadata"": {""a"": ""name"", ""b"": ""new_block_name""}}]"
80a8b40e6bf9d9b0db69d03b2804a7b8,2,"[0,0,1,1]",1,6,6,0,36.6,"[{""persona"": ""You are a beginner modeler at Pigment.""}, {""block_type"": ""Table""}, {""metadata"": {""a"": ""name"", ""b"": ""new_block_name""}}]"
80a8b40e6bf9d9b0db69d03b2804a7b8,3,"[0,0,1,1]",4,2,2,0,33.5,"[{""persona"": ""You are a beginner modeler at Pigment.""}, {""block_type"": ""Table""}, {""metadata"": {""a"": ""name"", ""b"": ""new_block_name""}}]"
80a8b40e6bf9d9b0db69d03b2804a7b8,4,"[0,1,1,1,0,0,1,1]",1,1,2,0,21.45,"[{""persona"": ""You are a beginner modeler at Pigment.""}, {""block_type"": ""Table""}, {""metadata"": {""a"": ""name"", ""b"": ""new_block_name""}}]"
80a8b40e6bf9d9b0db69d03b2804a7b8,5,"[1,1,1,0]",4,3,4,1,47.26,"[{""persona"": ""You are a beginner modeler at Pigment.""}, {""block_type"": ""Table""}, {""metadata"": {""a"": ""name"", ""b"": ""new_block_name""}}]"
80a8b40e6bf9d9b0db69d03b2804a7b8,6,"[1,1,0,0,0]",1,5,5,0,41.83,"[{""persona"": ""You are a beginner modeler at Pigment.""}, {""block_type"": ""Table""}, {""metadata"": {""a"": ""name"", ""b"": ""new_block_name""}}]"
80a8b40e6bf9d9b0db69d03b2804a7b8,7,"[1,0,0,1,1,1,0]",0,4,6,1,11.23,"[{""persona"": ""You are a beginner modeler at Pigment.""}, {""block_type"": ""Table""}, {""metadata"": {""a"": ""name"", ""b"": ""new_block_name""}}]"
80a8b40e6bf9d9b0db69d03b2804a7b8,8,"[0,1,0,1]",4,3,4,1,36.05,"[{""persona"": ""You are a beginner modeler at Pigment.""}, {""block_type"": ""Table""}, {""metadata"": {""a"": ""name"", ""b"": ""new_block_name""}}]"
80a8b40e6bf9d9b0db69d03b2804a7b8,9,"[0,1,1]",0,2,3,0,16.27,"[{""persona"": ""You are a beginner modeler at Pigment.""}, {""block_type"": ""Table""}, {""metadata"": {""a"": ""name"", ""b"": ""new_block_name""}}]"
80a8b40e6bf9d9b0db69d03b2804a7b8,10,"[1,1,1,0,1,1]",1,5,6,0,33.44,"[{""persona"": ""You are a beginner modeler at Pigment.""}, {""block_type"": ""Table""}, {""metadata"": {""a"": ""name"", ""b"": ""new_block_name""}}]"
9d4cccc737d26f9e826a120befa7b668,1,"[1,1,0,1,1]",2,5,6,2,22.77,"[{""persona"": ""You are a beginner modeler at Pigment.""}, {""block_type"": ""Table""}, {""metadata"": {""a"": ""description"", ""b"": ""this is a new block description for this block""}}]"
9d4cccc737d26f9e826a120befa7b668,2,"[0,0,0,0,1,1,1,0]",2,2,3,1,43.03,"[{""persona"": ""You are a beginner modeler at Pigment.""}, {""block_type"": ""Table""}, {""metadata"": {""a"": ""description"", ""b"": ""this is a new block description for this block""}}]"
9d4cccc737d26f9e826a120befa7b668,3,"[1,1,0,0]",2,3,3,1,25.54,"[{""persona"": ""You are a beginner modeler at Pigment.""}, {""block_type"": ""Table""}, {""metadata"": {""a"": ""description"", ""b"": ""this is a new block description for this block""}}]"
9d4cccc737d26f9e826a120befa7b668,4,"[1,1,0,1,0,1,1]",3,1,2,0,29.82,"[{""persona"": ""You are a beginner modeler at Pigment.""}, {""block_type"": ""Table""}, {""metadata"": {""a"": ""description"", ""b"": ""this is a new block description for this block""}}]"
9d4cccc737d26f9e826a120befa7b668,5,"[1,1,1,0,1,1,0,1]",2,2,2,0,35.04,"[{""persona"": ""You are a beginner modeler at Pigment.""}, {""block_type"": ""Table""}, {""metadata"": {""a"": ""description"", ""b"": ""this is a new block description for this block""}}]"
9d4cccc737d26f9e826a120befa7b668,6,"[1,1,0]",3,8,8,1,33.81,"[{""persona"": ""You are a beginner modeler at Pigment.""}, {""block_type"": ""Table""}, {""metadata"": {""a"": ""description"", ""b"": ""this is a new block description for this block""}}]"
9d4cccc737d26f9e826a120befa7b668,7,"[0,1,1,1,1,1]",0,3,3,1,22.36,"[{""persona"": ""You are a beginner modeler at Pigment.""}, {""block_type"": ""Table""}, {""metadata"": {""a"": ""description"", ""b"": ""this is a new block description for this block""}}]"
9d4cccc737d26f9e826a120befa7b668,8,"[0,1,1,0,1]",0,4,6,0,19.76,"[{""persona"": ""You are a beginner modeler at Pigment.""}, {""block_type"": ""Table""}, {""metadata"": {""a"": ""description"", ""b"": ""this is a new block description for this block""}}]"
9d4cccc737d26f9e826a120befa7b668,9,"[1,1,0]",4,3,4,1,10.78,"[{""persona"": ""You are a beginner modeler at Pigment.""}, {""block_type"": ""Table""}, {""metadata"": {""a"": ""description"", ""b"": ""this is a new block description for this block""}}]"
9d4cccc737d26f9e826a120befa7b668,10,"[0,1,0,0,1,1,1]",2,4,6,1,27.85,"[{""persona"": ""You are a beginner modeler at Pigment.""}, {""block_type"": ""Table""}, {""metadata"": {""a"": ""description"", ""b"": ""this is a new block description for this block""}}]"
d34fdb64a98c325c16ee8ac330931db9,1,"[1,1,1,1,1,1,1,0]",0,2,3,0,32.47,"[{""persona"": ""You are a beginner modeler at Pigment.""}, {""block_type"": ""Table""}, {""metadata"": {""a"": ""folder_path"", ""b"": ""allblocks/new""}}]"
d34fdb64a98c325c16ee8ac330931db9,2,"[1,1,0,1,1,0,1,1]",4,8,9,0,35.42,"[{""persona"": ""You are a beginner modeler at Pigment.""}, {""block_type"": ""Table""}, {""metadata"": {""a"": ""folder_path"", ""b"": ""allblocks/new""}}]"
d34fdb64a98c325c16ee8ac330931db9,3,"[0,0,1]",0,5,7,1,31.35,"[{""persona"": ""You are a beginner modeler at Pigment.""}, {""block_type"": ""Table""}, {""metadata"": {""a"": ""folder_path"", ""b"": ""allblocks/new""}}]"
d34fdb64a98c325c16ee8ac330931db9,4,"[1,0,0]",1,5,6,0,17.5,"[{""persona"": ""You are a beginner modeler at Pigment.""}, {""block_type"": ""Table""}, {""metadata"": {""a"": ""folder_path"", ""b"": ""allblocks/new""}}]"
d34fdb64a98c325c16ee8ac330931db9,5,"[1,0,1,0,1,0,1]",4,2,4,0,28.9,"[{""persona"": ""You are a beginner modeler at Pigment.""}, {""block_type"": ""Table""}, {""metadata"": {""a"": ""folder_path"", ""b"": ""allblocks/new""}}]"
d34fdb64a98c325c16ee8ac330931db9,6,"[0,0,1,1,1]",5,3,4,0,15.78,"[{""persona"": ""You are a beginner modeler at Pigment.""}, {""block_type"": ""Table""}, {""metadata"": {""a"": ""folder_path"", ""b"": ""allblocks/new""}}]"
d34fdb64a98c325c16ee8ac330931db9,7,"[1,1,1,1,1,1,1]",1,2,2,0,29.93,"[{""persona"": ""You are a beginner modeler at Pigment.""}, {""block_type"": ""Table""}, {""metadata"": {""a"": ""folder_path"", ""b"": ""allblocks/new""}}]"
d34fdb64a98c325c16ee8ac330931db9,8,"[1,1,1,1,1,1,0]",0,2,2,1,14.51,"[{""persona"": ""You are a beginner modeler at Pigment.""}, {""block_type"": ""Table""}, {""metadata"": {""a"": ""folder_path"", ""b"": ""allblocks/new""}}]"
d34fdb64a98c325c16ee8ac330931db9,9,"[1,1,1,0,1,0,1]",1,5,7,0,22.4,"[{""persona"": ""You are a beginner modeler at Pigment.""}, {""block_type"": ""Table""}, {""metadata"": {""a"": ""folder_path"", ""b"": ""allblocks/new""}}]"
d34fdb64a98c325c16ee8ac330931db9,10,"[1,1,1,1,0,0]",0,5,7,0,25.39,"[{""persona"": ""You are a beginner modeler at Pigment.""}, {""block_type"": ""Table""}, {""metadata"": {""a"": ""folder_path"", ""b"": ""allblocks/new""}}]"
3e692b507f814d682c0eb379edee88f9,1,"[1,1,1]",3,4,6,2,25.68,"[{""persona"": ""You are a senior modeler at Pigment.""}, {""block_type"": ""Dimension""}, {""metadata"": {""a"": ""name"", ""b"": ""new_block_name""}}]"
3e692b507f814d682c0eb379edee88f9,2,"[1,1,1,0]",2,5,5,0,21.48,"[{""persona"": ""You are a senior modeler at Pigment.""}, {""block_type"": ""Dimension""}, {""metadata"": {""a"": ""name"", ""b"": ""new_block_name""}}]"
3e692b507f814d682c0eb379edee88f9,3,"[1,1,1]",1,5,5,0,23.01,"[{""persona"": ""You are a senior modeler at Pigment.""}, {""block_type"": ""Dimension""}, {""metadata"": {""a"": ""name"", ""b"": ""new_block_name""}}]"
3e692b507f814d682c0eb379edee88f9,4,"[1,1,1,1,1,0]",2,4,6,0,38.16,"[{""persona"": ""You are a senior modeler at Pigment.""}, {""block_type"": ""Dimension""}, {""metadata"": {""a"": ""name"", ""b"": ""new_block_name""}}]"
3e692b507f814d682c0eb379edee88f9,5,"[1,1,1]",2,1,2,0,29.99,"[{""persona"": ""You are a senior modeler at Pigment.""}, {""block_type"": ""Dimension""}, {""metadata"": {""a"": ""name"", ""b"": ""new_block_name""}}]"
3e692b507f814d682c0eb379edee88f9,6,"[0,1,1,1,1,0,1,1]",2,3,5,0,20.49,"[{""persona"": ""You are a senior modeler at Pigment.""}, {""block_type"": ""Dimension""}, {""metadata"": {""a"": ""name"", ""b"": ""new_block_name""}}]"
3e692b507f814d682c0eb379edee88f9,7,"[1,1,1,1,0,0,1]",1,2,4,0,43.69,"[{""persona"": ""You are a senior modeler at Pigment.""}, {""block_type"": ""Dimension""}, {""metadata"": {""a"": ""name"", ""b"": ""new_block_name""}}]"
3e692b507f814d682c0eb379edee88f9,8,"[0,1,1,1,1,1]",2,3,3,0,16.31,"[{""persona"": ""You are a senior modeler at Pigment.""}, {""block_type"": ""Dimension""}, {""metadata"": {""a"": ""name"", ""b"": ""new_block_name""}}]"
3e692b507f814d682c0eb379edee88f9,9,"[0,0,0,0]",4,5,7,0,51.66,"[{""persona"": ""You are a senior modeler at Pigment.""}, {""block_type"": ""Dimension""}, {""metadata"": {""a"": ""name"", ""b"": ""new_block_name""}}]"
3e692b507f814d682c0eb379edee88f9,10,"[1,1,1,1,1,0,1,0]",1,5,7,0,32.15,"[{""persona"": ""You are a senior modeler at Pigment.""}, {""block_type"": ""Dimension""}, {""metadata"": {""a"": ""name"", ""b"": ""new_block_name""}}]"
905a2491757af3bc4a98e6b124d4d08d,1,"[1,1,1]",2,2,4,0,19.7,"[{""persona"": ""You are a senior modeler at Pigment.""}, {""block_type"": ""Dimension""}, {""metadata"": {""a"": ""description"", ""b"": ""this is a new block description for this block""}}]"
905a2491757af3bc4a98e6b124d4d08d,2,"[1,1,0]",3,5,6,0,43.17,"[{""persona"": ""You are a senior modeler at Pigment.""}, {""block_type"": ""Dimension""}, {""metadata"": {""a"": ""description"", ""b"": ""this is a new block description for this block""}}]"
905a2491757af3bc4a98e6b124d4d08d,3,"[1,1,1,1,1]",1,4,4,1,24.06,"[{""persona"": ""You are a senior modeler at Pigment.""}, {""block_type"": ""Dimension""}, {""metadata"": {""a"": ""description"", ""b"": ""this is a new block description for this block""}}]"
905a2491757af3bc4a98e6b124d4d08d,4,"[0,1,1]",1,3,3,0,33.3,"[{""persona"": ""You are a senior modeler at Pigment.""}, {""block_type"": ""Dimension""}, {""metadata"": {""a"": ""description"", ""b"": ""this is a new block description for this block""}}]"
905a2491757af3bc4a98e6b124d4d08d,5,"[1,1,0,1,1,1,1,1]",2,6,6,0,30.39,"[{""persona"": ""You are a senior modeler at Pigment.""}, {""block_type"": ""Dimension""}, {""metadata"": {""a"": ""description"", ""b"": ""this is a new block description for this block""}}]"
905a2491757af3bc4a98e6b124d4d08d,6,"[1,1,1,1,1]",3,4,5,0,14.38,"[{""persona"": ""You are a senior modeler at Pigment.""}, {""block_type"": ""Dimension""}, {""metadata"": {""a"": ""description"", ""b"": ""this is a new block description for this block""}}]"
905a2491757af3bc4a98e6b124d4d08d,7,"[1,1,1,0]",0,2,4,0,28.44,"[{""persona"": ""You are a senior modeler at Pigment.""}, {""block_type"": ""Dimension""}, {""metadata"": {""a"": ""description"", ""b"": ""this is a new block description for this block""}}]"
905a2491757af3bc4a98e6b124d4d08d,8,"[0,0,1,0]",3,6,8,0,39.42,"[{""persona"": ""You are a senior modeler at Pigment.""}, {""block_type"": ""Dimension""}, {""metadata"": {""a"": ""description"", ""b"": ""this is a new block description for this block""}}]"
905a2491757af3bc4a98e6b124d4d08d,9,"[0,0,1,1,1,1,1,1]",3,5,7,0,29.98,"[{""persona"": ""You are a senior modeler at Pigment.""}, {""block_type"": ""Dimension""}, {""metadata"": {""a"": ""description"", ""b"": ""this is a new block description for this block""}}]"
905a2491757af3bc4a98e6b124d4d08d,10,"[1,0,1,0,1,1,0,1]",0,5,7,0,34.71,"[{""persona"": ""You are a senior modeler at Pigment.""}, {""block_type"": ""Dimension""}, {""metadata"": {""a"": ""description"", ""b"": ""this is a new block description for this block""}}]"
8a9323604cd21c62d23d631b60e465e9,1,"[1,0,1,1,1]",1,5,5,0,34.15,"[{""persona"": ""You are a senior modeler at Pigment.""}, {""block_type"": ""Dimension""}, {""metadata"": {""a"": ""folder_path"", ""b"": ""allblocks/new""}}]"
8a9323604cd21c62d23d631b60e465e9,2,"[1,1,0,0,1,1]",2,3,3,0,31.21,"[{""persona"": ""You are a senior modeler at Pigment.""}, {""block_type"": ""Dimension""}, {""metadata"": {""a"": ""folder_path"", ""b"": ""allblocks/new""}}]"
8a9323604cd21c62d23d631b60e465e9,3,"[1,0,1]",3,6,6,2,36.63,"[{""persona"": ""You are a senior modeler at Pigment.""}, {""block_type"": ""Dimension""}, {""metadata"": {""a"": ""folder_path"", ""b"": ""allblocks/new""}}]"
8a9323604cd21c62d23d631b60e465e9,4,"[0,1,1,1,1,1,1]",4,3,4,0,50.11,"[{""persona"": ""You are a senior modeler at Pigment.""}, {""block_type"": ""Dimension""}, {""metadata"": {""a"": ""folder_path"", ""b"": ""allblocks/new""}}]"
8a9323604cd21c62d23d631b60e465e9,5,"[1,1,1,1,1,0]",6,7,8,0,41.34,"[{""persona"": ""You are a senior modeler at Pigment.""}, {""block_type"": ""Dimension""}, {""metadata"": {""a"": ""folder_path"", ""b"": ""allblocks/new""}}]"
8a9323604cd21c62d23d631b60e465e9,6,"[0,1,1,1,1,1]",2,4,5,0,34.17,"[{""persona"": ""You are a senior modeler at Pigment.""}, {""block_type"": ""Dimension""}, {""metadata"": {""a"": ""folder_path"", ""b"": ""allblocks/new""}}]"
8a9323604cd21c62d23d631b60e465e9,7,"[1,1,1,0]",2,5,6,0,26.17,"[{""persona"": ""You are a senior modeler at Pigment.""}, {""block_type"": ""Dimension""}, {""metadata"": {""a"": ""folder_path"", ""b"": ""allblocks/new""}}]"
8a9323604cd21c62d23d631b60e465e9,8,"[1,0,1,1,1,1]",2,5,7,0,45.34,"[{""persona"": ""You are a senior modeler at Pigment.""}, {""block_type"": ""Dimension""}, {""metadata"": {""a"": ""folder_path"", ""b"": ""allblocks/new""}}]"
8a9323604cd21c62d23d631b60e465e9,9,"[1,1,1,1,0,0,0]",2,7,7,0,37.11,"[{""persona"": ""You are a senior modeler at Pigment.""}, {""block_type"": ""Dimension""}, {""metadata"": {""a"": ""folder_path"", ""b"": ""allblocks/new""}}]"
8a9323604cd21c62d23d631b60e465e9,10,"[1,1,1,1,1,0,0]",3,4,6,0,34.74,"[{""persona"": ""You are a senior modeler at Pigment.""}, {""block_type"": ""Dimension""}, {""metadata"": {""a"": ""folder_path"", ""b"": ""allblocks/new""}}]"
eedbfdf2a41833558968f0a5388ada7f,1,"[1,0,0]",1,6,6,0,45.94,"[{""persona"": ""You are a senior modeler at Pigment.""}, {""block_type"": ""Metric""}, {""metadata"": {""a"": ""name"", ""b"": ""new_block_name""}}]"
eedbfdf2a41833558968f0a5388ada7f,2,"[1,1,1,0,0,1,0]",6,1,1,0,25.84,"[{""persona"": ""You are a senior modeler at Pigment.""}, {""block_type"": ""Metric""}, {""metadata"": {""a"": ""name"", ""b"": ""new_block_name""}}]"
eedbfdf2a41833558968f0a5388ada7f,3,"[1,1,1,1,1,1,1,0]",4,3,5,0,33.46,"[{""persona"": ""You are a senior modeler at Pigment.""}, {""block_type"": ""Metric""}, {""metadata"": {""a"": ""name"", ""b"": ""new_block_name""}}]"
eedbfdf2a41833558968f0a5388ada7f,4,"[1,0,1,0,0,0,1]",5,2,3,0,33.56,"[{""persona"": ""You are a senior modeler at Pigment.""}, {""block_type"": ""Metric""}, {""metadata"": {""a"": ""name"", ""b"": ""new_block_name""}}]"
eedbfdf2a41833558968f0a5388ada7f,5,"[1,0,0,1,1,0,1,0]",3,3,5,0,34.97,"[{""persona"": ""You are a senior modeler at Pigment.""}, {""block_type"": ""Metric""}, {""metadata"": {""a"": ""name"", ""b"": ""new_block_name""}}]"
eedbfdf2a41833558968f0a5388ada7f,6,"[1,1,1,0]",3,3,5,1,28.18,"[{""persona"": ""You are a senior modeler at Pigment.""}, {""block_type"": ""Metric""}, {""metadata"": {""a"": ""name"", ""b"": ""new_block_name""}}]"
eedbfdf2a41833558968f0a5388ada7f,7,"[0,1,1,1,1,1,1,1]",1,4,4,1,29.54,"[{""persona"": ""You are a senior modeler at Pigment.""}, {""block_type"": ""Metric""}, {""metadata"": {""a"": ""name"", ""b"": ""new_block_name""}}]"
eedbfdf2a41833558968f0a5388ada7f,8,"[1,0,0,1,1,1,0,0]",1,2,4,0,33.09,"[{""persona"": ""You are a senior modeler at Pigment.""}, {""block_type"": ""Metric""}, {""metadata"": {""a"": ""name"", ""b"": ""new_block_name""}}]"
eedbfdf2a41833558968f0a5388ada7f,9,"[1,1,1,1,1,1]",2,4,6,0,24.16,"[{""persona"": ""You are a senior modeler at Pigment.""}, {""block_type"": ""Metric""}, {""metadata"": {""a"": ""name"", ""b"": ""new_block_name""}}]"
eedbfdf2a41833558968f0a5388ada7f,10,"[0,1,0,0,0,0,1]",0,2,4,0,28.18,"[{""persona"": ""You are a senior modeler at Pigment.""}, {""block_type"": ""Metric""}, {""metadata"": {""a"": ""name"", ""b"": ""new_block_name""}}]"
fa49c6a8a7050a57f1455d7cf0fd7d21,1,"[0,0,1]",3,2,3,0,17.84,"[{""persona"": ""You are a senior modeler at Pigment.""}, {""block_type"": ""Metric""}, {""metadata"": {""a"": ""description"", ""b"": ""this is a new block description for this block""}}]"
fa49c6a8a7050a57f1455d7cf0fd7d21,2,"[1,0,1,1,1,1,0]",0,1,3,0,35.27,"[{""persona"": ""You are a senior modeler at Pigment.""}, {""block_type"": ""Metric""}, {""metadata"": {""a"": ""description"", ""b"": ""this is a new block description for this block""}}]"
fa49c6a8a7050a57f1455d7cf0fd7d21,3,"[0,1,1,1]",2,6,8,1,26.38,"[{""persona"": ""You are a senior modeler at Pigment.""}, {""block_type"": ""Metric""}, {""metadata"": {""a"": ""description"", ""b"": ""this is a new block description for this block""}}]"
fa49c6a8a7050a57f1455d7cf0fd7d21,4,"[1,1,1,1,1,1,1,1]",0,6,6,0,29.66,"[{""persona"": ""You are a senior modeler at Pigment.""}, {""block_type"": ""Metric""}, {""metadata"": {""a"": ""description"", ""b"": ""this is a new block description for this block""}}]"
fa49c6a8a7050a57f1455d7cf0fd7d21,5,"[0,0,1,0]",3,1,1,0,18.75,"[{""persona"": ""You are a senior modeler at Pigment.""}, {""block_type"": ""Metric""}, {""metadata"": {""a"": ""description"", ""b"": ""this is a new block description for this block""}}]"
fa49c6a8a7050a57f1455d7cf0fd7d21,6,"[1,1,1,1,1,1,0,1]",6,3,4,0,21.69,"[{""persona"": ""You are a senior modeler at Pigment.""}, {""block_type"": ""Metric""}, {""metadata"": {""a"": ""description"", ""b"": ""this is a new block description for this block""}}]"
fa49c6a8a7050a57f1455d7cf0fd7d21,7,"[1,0,1,1,1,1,1,1]",1,3,4,0,25.11,"[{""persona"": ""You are a senior modeler at Pigment.""}, {""block_type"": ""Metric""}, {""metadata"": {""a"": ""description"", ""b"": ""this is a new block description for this block""}}]"
fa49c6a8a7050a57f1455d7cf0fd7d21,8,"[1,0,1]",4,4,5,1,36.25,"[{""persona"": ""You are a senior modeler at Pigment.""}, {""block_type"": ""Metric""}, {""metadata"": {""a"": ""description"", ""b"": ""this is a new block description for this block""}}]"
fa49c6a8a7050a57f1455d7cf0fd7d21,9,"[1,1,1,0,1,1,1]",1,4,5,0,41.1,"[{""persona"": ""You are a senior modeler at Pigment.""}, {""block_type"": ""Metric""}, {""metadata"": {""a"": ""description"", ""b"": ""this is a new block description for this block""}}]"
fa49c6a8a7050a57f1455d7cf0fd7d21,10,"[0,0,0,1]",1,4,5,0,27.85,"[{""persona"": ""You are a senior modeler at Pigment.""}, {""block_type"": ""Metric""}, {""metadata"": {""a"": ""description"", ""b"": ""this is a new block description for this block""}}]"
d93b80df1bec5b17cf8bc5df8c2dd29c,1,"[1,1,0,1,1]",1,6,8,0,24.15,"[{""persona"": ""You are a senior modeler at Pigment.""}, {""block_type"": ""Metric""}, {""metadata"": {""a"": ""folder_path"", ""b"": ""allblocks/new""}}]"
d93b80df1bec5b17cf8bc5df8c2dd29c,2,"[0,1,1,1]",3,4,5,1,20.1,"[{""persona"": ""You are a senior modeler at Pigment.""}, {""block_type"": ""Metric""}, {""metadata"": {""a"": ""folder_path"", ""b"": ""allblocks/new""}}]"
d93b80df1bec5b17cf8bc5df8c2dd29c,3,"[1,0,1,0,0,1]",2,2,2,0,13.79,"[{""persona"": ""You are a senior modeler at Pigment.""}, {""block_type"": ""Metric""}, {""metadata"": {""a"": ""folder_path"", ""b"": ""allblocks/new""}}]"
d93b80df1bec5b17cf8bc5df8c2dd29c,4,"[1,1,1]",2,4,5,0,34.4,"[{""persona"": ""You are a senior modeler at Pigment.""}, {""block_type"": ""Metric""}, {""metadata"": {""a"": ""folder_path"", ""b"": ""allblocks/new""}}]"
d93b80df1bec5b17cf8bc5df8c2dd29c,5,"[0,1,1,0]",4,5,6,1,20.2,"[{""persona"": ""You are a senior modeler at Pigment.""}, {""block_type"": ""Metric""}, {""metadata"": {""a"": ""folder_path"", ""b"": ""allblocks/new""}}]"
d93b80df1bec5b17cf8bc5df8c2dd29c,6,"[1,1,1,1]",4,4,5,1,41.27,"[{""persona"": ""You are a senior modeler at Pigment.""}, {""block_type"": ""Metric""}, {""metadata"": {""a"": ""folder_path"", ""b"": ""allblocks/new""}}]"
d93b80df1bec5b17cf8bc5df8c2dd29c,7,"[1,1,1,1,0,1,0,1]",3,4,4,0,31.91,"[{""persona"": ""You are a senior modeler at Pigment.""}, {""block_type"": ""Metric""}, {""metadata"": {""a"": ""folder_path"", ""b"": ""allblocks/new""}}]"
d93b80df1bec5b17cf8bc5df8c2dd29c,8,"[1,1,1]",1,6,6,0,57.81,"[{""persona"": ""You are a senior modeler at Pigment.""}, {""block_type"": ""Metric""}, {""metadata"": {""a"": ""folder_path"", ""b"": ""allblocks/new""}}]"
d93b80df1bec5b17cf8bc5df8c2dd29c,9,"[1,1,0]",2,4,4,0,31.1,"[{""persona"": ""You are a senior modeler at Pigment.""}, {""block_type"": ""Metric""}, {""metadata"": {""a"": ""folder_path"", ""b"": ""allblocks/new""}}]"
d93b80df1bec5b17cf8bc5df8c2dd29c,10,"[1,0,0,0,1]",2,5,5,0,21.54,"[{""persona"": ""You are a senior modeler at Pigment.""}, {""block_type"": ""Metric""}, {""metadata"": {""a"": ""folder_path"", ""b"": ""allblocks/new""}}]"
b8532ca47bf9e10ef73bcfce9a7356a2,1,"[1,1,0,1,1]",4,4,5,0,23.82,"[{""persona"": ""You are a senior modeler at Pigment.""}, {""block_type"": ""Transaction""}, {""metadata"": {""a"": ""name"", ""b"": ""new_block_name""}}]"
b8532ca47bf9e10ef73bcfce9a7356a2,2,"[1,1,0,1,1,0,0]",1,5,5,0,25.75,"[{""persona"": ""You are a senior modeler at Pigment.""}, {""block_type"": ""Transaction""}, {""metadata"": {""a"": ""name"", ""b"": ""new_block_name""}}]"
b8532ca47bf9e10ef73bcfce9a7356a2,3,"[0,0,0,1,1]",1,7,9,0,32.5,"[{""persona"": ""You are a senior modeler at Pigment.""}, {""block_type"": ""Transaction""}, {""metadata"": {""a"": ""name"", ""b"": ""new_block_name""}}]"
b8532ca47bf9e10ef73bcfce9a7356a2,4,"[0,0,0]",5,7,7,0,43.75,"[{""persona"": ""You are a senior modeler at Pigment.""}, {""block_type"": ""Transaction""}, {""metadata"": {""a"": ""name"", ""b"": ""new_block_name""}}]"
b8532ca47bf9e10ef73bcfce9a7356a2,5,"[1,1,1,1,1,1]",0,5,6,0,23.57,"[{""persona"": ""You are a senior modeler at Pigment.""}, {""block_type"": ""Transaction""}, {""metadata"": {""a"": ""name"", ""b"": ""new_block_name""}}]"
b8532ca47bf9e10ef73bcfce9a7356a2,6,"[1,1,0,0,1]",3,7,9,1,29.11,"[{""persona"": ""You are a senior modeler at Pigment.""}, {""block_type"": ""Transaction""}, {""metadata"": {""a"": ""name"", ""b"": ""new_block_name""}}]"
b8532ca47bf9e10ef73bcfce9a7356a2,7,"[0,1,1,1,0]",4,5,5,0,19.37,"[{""persona"": ""You are a senior modeler at Pigment.""}, {""block_type"": ""Transaction""}, {""metadata"": {""a"": ""name"", ""b"": ""new_block_name""}}]"
b8532ca47bf9e10ef73bcfce9a7356a2,8,"[1,1,1,1,1,1,1,1]",1,3,5,1,28.35,"[{""persona"": ""You are a senior modeler at Pigment.""}, {""block_type"": ""Transaction""}, {""metadata"": {""a"": ""name"", ""b"": ""new_block_name""}}]"
b8532ca47bf9e10ef73bcfce9a7356a2,9,"[1,1,1,1,1,1,1,1]",2,8,8,0,35.53,"[{""persona"": ""You are a senior modeler at Pigment.""}, {""block_type"": ""Transaction""}, {""metadata"": {""a"": ""name"", ""b"": ""new_block_name""}}]"
b8532ca47bf9e10ef73bcfce9a7356a2,10,"[0,1,1,1,1,1,1]",3,6,7,0,18.79,"[{""persona"": ""You are a senior modeler at Pigment.""}, {""block_type"": ""Transaction""}, {""metadata"": {""a"": ""name"", ""b"": ""new_block_name""}}]"
52b56a6ba6d66707402c8fbeb40bb855,1,"[1,1,0,1]",1,6,8,0,44.26,"[{""persona"": ""You are a senior modeler at Pigment.""}, {""block_type"": ""Transaction""}, {""metadata"": {""a"": ""description"", ""b"": ""this is a new block description for this block""}}]"
52b56a6ba6d66707402c8fbeb40bb855,2,"[1,1,1,0,0]",2,5,6,1,36.23,"[{""persona"": ""You are a senior modeler at Pigment.""}, {""block_type"": ""Transaction""}, {""metadata"": {""a"": ""description"", ""b"": ""this is a new block description for this block""}}]"
52b56a6ba6d66707402c8fbeb40bb855,3,"[1,0,1,1,1]",0,4,6,0,26.16,"[{""persona"": ""You are a senior modeler at Pigment.""}, {""block_type"": ""Transaction""}, {""metadata"": {""a"": ""description"", ""b"": ""this is a new block description for this block""}}]"
52b56a6ba6d66707402c8fbeb40bb855,4,"[1,1,1,1,0,0]",3,2,2,0,44.96,"[{""persona"": ""You are a senior modeler at Pigment.""}, {""block_type"": ""Transaction""}, {""metadata"": {""a"": ""description"", ""b"": ""this is a new block description for this block""}}]"
52b56a6ba6d66707402c8fbeb40bb855,5,"[1,1,0]",1,6,8,0,5.68,"[{""persona"": ""You are a senior modeler at Pigment.""}, {""block_type"": ""Transaction""}, {""metadata"": {""a"": ""description"", ""b"": ""this is a new block description for this block""}}]"
52b56a6ba6d66707402c8fbeb40bb855,6,"[1,1,0,0,0,1]",0,6,8,1,42.23,"[{""persona"": ""You are a senior modeler at Pigment.""}, {""block_type"": ""Transaction""}, {""metadata"": {""a"": ""description"", ""b"": ""this is a new block description for this block""}}]"
52b56a6ba6d66707402c8fbeb40bb855,7,"[1,0,1,1,1,1,1]",2,2,3,0,44.72,"[{""persona"": ""You are a senior modeler at Pigment.""}, {""block_type"": ""Transaction""}, {""metadata"": {""a"": ""description"", ""b"": ""this is a new block description for this block""}}]"
52b56a6ba6d66707402c8fbeb40bb855,8,"[1,1,1]",4,3,3,0,22.48,"[{""persona"": ""You are a senior modeler at Pigment.""}, {""block_type"": ""Transaction""}, {""metadata"": {""a"": ""description"", ""b"": ""this is a new block description for this block""}}]"
52b56a6ba6d66707402c8fbeb40bb855,9,"[1,0,1,0,1,0,1,1]",4,4,6,0,41.36,"[{""persona"": ""You are a senior modeler at Pigment.""}, {""block_type"": ""Transaction""}, {""metadata"": {""a"": ""description"", ""b"": ""this is a new block description for this block""}}]"
52b56a6ba6d66707402c8fbeb40bb855,10,"[0,0,0,1,1]",1,1,2,1,22.96,"[{""persona"": ""You are a senior modeler at Pigment.""}, {""block_type"": ""Transaction""}, {""metadata"": {""a"": ""description"", ""b"": ""this is a new block description for this block""}}]"
f044fc3b97b516a4606167b47cc2f3e0,1,"[1,1,0,1,1,0,1]",0,4,4,0,47.16,"[{""persona"": ""You are a senior modeler at Pigment.""}, {""block_type"": ""Transaction""}, {""metadata"": {""a"": ""folder_path"", ""b"": ""allblocks/new""}}]"
f044fc3b97b516a4606167b47cc2f3e0,2,"[1,1,1,1]",2,5,7,0,31.37,"[{""persona"": ""You are a senior modeler at Pigment.""}, {""block_type"": ""Transaction""}, {""metadata"": {""a"": ""folder_path"", ""b"": ""allblocks/new""}}]"
f044fc3b97b516a4606167b47cc2f3e0,3,"[0,1,1,1,0,1,1,1]",2,4,6,0,26.46,"[{""persona"": ""You are a senior modeler at Pigment.""}, {""block_type"": ""Transaction""}, {""metadata"": {""a"": ""folder_path"", ""b"": ""allblocks/new""}}]"
f044fc3b97b516a4606167b47cc2f3e0,4,"[1,0,1,0,0,1]",5,2,2,0,15.12,"[{""persona"": ""You are a senior modeler at Pigment.""}, {""block_type"": ""Transaction""}, {""metadata"": {""a"": ""folder_path"", ""b"": ""allblocks/new""}}]"
f044fc3b97b516a4606167b47cc2f3e0,5,"[0,1,0,1,1]",1,1,2,0,24.9,"[{""persona"": ""You are a senior modeler at Pigment.""}, {""block_type"": ""Transaction""}, {""metadata"": {""a"": ""folder_path"", ""b"": ""allblocks/new""}}]"
f044fc3b97b516a4606167b47cc2f3e0,6,"[0,1,1,0,1,1,1]",2,6,6,0,21.67,"[{""persona"": ""You are a senior modeler at Pigment.""}, {""block_type"": ""Transaction""}, {""metadata"": {""a"": ""folder_path"", ""b"": ""allblocks/new""}}]"
f044fc3b97b516a4606167b47cc2f3e0,7,"[0,1,1,0,1,1,1]",3,5,6,1,30.31,"[{""persona"": ""You are a senior modeler at Pigment.""}, {""block_type"": ""Transaction""}, {""metadata"": {""a"": ""folder_path"", ""b"": ""allblocks/new""}}]"
f044fc3b97b516a4606167b47cc2f3e0,8,"[1,1,0,1,1,1,1]",2,3,4,0,28.2,"[{""persona"": ""You are a senior modeler at Pigment.""}, {""block_type"": ""Transaction""}, {""metadata"": {""a"": ""folder_path"", ""b"": ""allblocks/new""}}]"
f044fc3b97b516a4606167b47cc2f3e0,9,"[1,1,1,1,1]",4,1,3,0,25.01,"[{""persona"": ""You are a senior modeler at Pigment.""}, {""block_type"": ""Transaction""}, {""metadata"": {""a"": ""folder_path"", ""b"": ""allblocks/new""}}]"
f044fc3b97b516a4606167b47cc2f3e0,10,"[1,1,1,1,1]",1,3,4,1,13.82,"[{""persona"": ""You are a senior modeler at Pigment.""}, {""block_type"": ""Transaction""}, {""metadata"": {""a"": ""folder_path"", ""b"": ""allblocks/new""}}]"
8dc3be7d8a36d0d8d082077b7b38e118,1,"[1,1,1,0]",3,4,4,0,20.24,"[{""persona"": ""You are a senior modeler at Pigment.""}, {""block_type"": ""Folder""}, {""metadata"": {""a"": ""name"", ""b"": ""new_block_name""}}]"
8dc3be7d8a36d0d8d082077b7b38e118,2,"[1,1,1]",4,3,4,0,29.05,"[{""persona"": ""You are a senior modeler at Pigment.""}, {""block_type"": ""Folder""}, {""metadata"": {""a"": ""name"", ""b"": ""new_block_name""}}]"
8dc3be7d8a36d0d8d082077b7b38e118,3,"[1,1,1,1,1,0,1,1]",0,2,2,0,32.34,"[{""persona"": ""You are a senior modeler at Pigment.""}, {""block_type"": ""Folder""}, {""metadata"": {""a"": ""name"", ""b"": ""new_block_name""}}]"
8dc3be7d8a36d0d8d082077b7b38e118,4,"[1,1,1,0,1,1]",3,5,5,0,38.73,"[{""persona"": ""You are a senior modeler at Pigment.""}, {""block_type"": ""Folder""}, {""metadata"": {""a"": ""name"", ""b"": ""new_block_name""}}]"
8dc3be7d8a36d0d8d082077b7b38e118,5,"[1,1,0,1,1]",1,4,5,0,42.19,"[{""persona"": ""You are a senior modeler at Pigment.""}, {""block_type"": ""Folder""}, {""metadata"": {""a"": ""name"", ""b"": ""new_block_name""}}]"
8dc3be7d8a36d0d8d082077b7b38e118,6,"[1,1,0,1,0,1,1]",1,2,3,0,27.56,"[{""persona"": ""You are a senior modeler at Pigment.""}, {""block_type"": ""Folder""}, {""metadata"": {""a"": ""name"", ""b"": ""new_block_name""}}]"
8dc3be7d8a36d0d8d082077b7b38e118,7,"[1,1,1,1,1,1,0]",1,7,7,0,36.31,"[{""persona"": ""You are a senior modeler at Pigment.""}, {""block_type"": ""Folder""}, {""metadata"": {""a"": ""name"", ""b"": ""new_block_name""}}]"
8dc3be7d8a36d0d8d082077b7b38e118,8,"[1,1,1,1]",0,5,5,0,35.2,"[{""persona"": ""You are a senior modeler at Pigment.""}, {""block_type"": ""Folder""}, {""metadata"": {""a"": ""name"", ""b"": ""new_block_name""}}]"
8dc3be7d8a36d0d8d082077b7b38e118,9,"[0,0,0,1,1]",0,4,5,0,33.16,"[{""persona"": ""You are a senior modeler at Pigment.""}, {""block_type"": ""Folder""}, {""metadata"": {""a"": ""name"", ""b"": ""new_block_name""}}]"
8dc3be7d8a36d0d8d082077b7b38e118,10,"[1,1,1,1,1,1]",2,2,3,0,47.62,"[{""persona"": ""You are a senior modeler at Pigment.""}, {""block_type"": ""Folder""}, {""metadata"": {""a"": ""name"", ""b"": ""new_block_name""}}]"
6c09d47cc3b3d0f266fb96d195b3297b,1,"[0,1,0]",2,3,3,0,40.83,"[{""persona"": ""You are a senior modeler at Pigment.""}, {""block_type"": ""Folder""}, {""metadata"": {""a"": ""description"", ""b"": ""this is a new block description for this block""}}]"
6c09d47cc3b3d0f266fb96d195b3297b,2,"[1,0,1,1]",5,3,4,1,22.15,"[{""persona"": ""You are a senior modeler at Pigment.""}, {""block_type"": ""Folder""}, {""metadata"": {""a"": ""description"", ""b"": ""this is a new block description for this block""}}]"
6c09d47cc3b3d0f266fb96d195b3297b,3,"[0,1,1,1,1,1,0]",2,4,5,0,41.92,"[{""persona"": ""You are a senior modeler at Pigment.""}, {""block_type"": ""Folder""}, {""metadata"": {""a"": ""description"", ""b"": ""this is a new block description for this block""}}]"
6c09d47cc3b3d0f266fb96d195b3297b,4,"[1,1,1,1,1,1]",2,5,5,0,59.33,"[{""persona"": ""You are a senior modeler at Pigment.""}, {""block_type"": ""Folder""}, {""metadata"": {""a"": ""description"", ""b"": ""this is a new block description for this block""}}]"
6c09d47cc3b3d0f266fb96d195b3297b,5,"[1,1,1]",5,2,2,0,25.6,"[{""persona"": ""You are a senior modeler at Pigment.""}, {""block_type"": ""Folder""}, {""metadata"": {""a"": ""description"", ""b"": ""this is a new block description for this block""}}]"
6c09d47cc3b3d0f266fb96d195b3297b,6,"[1,1,0,1]",2,7,8,0,48.99,"[{""persona"": ""You are a senior modeler at Pigment.""}, {""block_type"": ""Folder""}, {""metadata"": {""a"": ""description"", ""b"": ""this is a new block description for this block""}}]"
6c09d47cc3b3d0f266fb96d195b3297b,7,"[1,1,1,1,1]",2,3,3,0,31.34,"[{""persona"": ""You are a senior modeler at Pigment.""}, {""block_type"": ""Folder""}, {""metadata"": {""a"": ""description"", ""b"": ""this is a new block description for this block""}}]"
6c09d47cc3b3d0f266fb96d195b3297b,8,"[1,1,0,1,1,1]",1,6,6,0,14.4,"[{""persona"": ""You are a senior modeler at Pigment.""}, {""block_type"": ""Folder""}, {""metadata"": {""a"": ""description"", ""b"": ""this is a new block description for this block""}}]"
6c09d47cc3b3d0f266fb96d195b3297b,9,"[1,0,0]",1,6,7,0,45.73,"[{""persona"": ""You are a senior modeler at Pigment.""}, {""block_type"": ""Folder""}, {""metadata"": {""a"": ""description"", ""b"": ""this is a new block description for this block""}}]"
6c09d47cc3b3d0f266fb96d195b3297b,10,"[1,1,1,1]",3,3,3,0,26.0,"[{""persona"": ""You are a senior modeler at Pigment.""}, {""block_type"": ""Folder""}, {""metadata"": {""a"": ""description"", ""b"": ""this is a new block description for this block""}}]"
495b863f2d7ebf923f57ceb015ca667d,1,"[0,1,0,1,1]",2,4,5,1,46.94,"[{""persona"": ""You are a senior modeler at Pigment.""}, {""block_type"": ""Folder""}, {""metadata"": {""a"": ""folder_path"", ""b"": ""allblocks/new""}}]"
495b863f2d7ebf923f57ceb015ca667d,2,"[0,1,0,1,0,1,0]",0,5,5,1,34.32,"[{""persona"": ""You are a senior modeler at Pigment.""}, {""block_type"": ""Folder""}, {""metadata"": {""a"": ""folder_path"", ""b"": ""allblocks/new""}}]"
495b863f2d7ebf923f57ceb015ca667d,3,"[0,1,0,0,1,0,1,0]",2,5,7,1,22.78,"[{""persona"": ""You are a senior modeler at Pigment.""}, {""block_type"": ""Folder""}, {""metadata"": {""a"": ""folder_path"", ""b"": ""allblocks/new""}}]"
495b863f2d7ebf923f57ceb015ca667d,4,"[1,1,1,1,1,1]",1,7,7,0,61.92,"[{""persona"": ""You are a senior modeler at Pigment.""}, {""block_type"": ""Folder""}, {""metadata"": {""a"": ""folder_path"", ""b"": ""allblocks/new""}}]"
495b863f2d7ebf923f57ceb015ca667d,5,"[1,1,1,1,1,1,1]",1,3,5,0,32.92,"[{""persona"": ""You are a senior modeler at Pigment.""}, {""block_type"": ""Folder""}, {""metadata"": {""a"": ""folder_path"", ""b"": ""allblocks/new""}}]"
495b863f2d7ebf923f57ceb015ca667d,6,"[1,0,1,0,1,1,1,1]",2,3,3,0,44.28,"[{""persona"": ""You are a senior modeler at Pigment.""}, {""block_type"": ""Folder""}, {""metadata"": {""a"": ""folder_path"", ""b"": ""allblocks/new""}}]"
495b863f2d7ebf923f57ceb015ca667d,7,"[1,1,1,1,1,1,0]",1,6,6,1,45.68,"[{""persona"": ""You are a senior modeler at Pigment.""}, {""block_type"": ""Folder""}, {""metadata"": {""a"": ""folder_path"", ""b"": ""allblocks/new""}}]"
495b863f2d7ebf923f57ceb015ca667d,8,"[1,0,0,1,1]",4,4,4,0,22.85,"[{""persona"": ""You are a senior modeler at Pigment.""}, {""block_type"": ""Folder""}, {""metadata"": {""a"": ""folder_path"", ""b"": ""allblocks/new""}}]"
495b863f2d7ebf923f57ceb015ca667d,9,"[1,1,1,1,1,1,1,1]",4,2,4,0,46.63,"[{""persona"": ""You are a senior modeler at Pigment.""}, {""block_type"": ""Folder""}, {""metadata"": {""a"": ""folder_path"", ""b"": ""allblocks/new""}}]"
495b863f2d7ebf923f57ceb015ca667d,10,"[1,1,1,1,1,0,1,1]",0,4,5,0,28.45,"[{""persona"": ""You are a senior modeler at Pigment.""}, {""block_type"": ""Folder""}, {""metadata"": {""a"": ""folder_path"", ""b"": ""allblocks/new""}}]"
5a6efe1edad50e9694a16fe3519ead3a,1,"[1,1,1,1,1]",1,3,3,0,32.11,"[{""persona"": ""You are a senior modeler at Pigment.""}, {""block_type"": ""Table""}, {""metadata"": {""a"": ""name"", ""b"": ""new_block_name""}}]"
5a6efe1edad50e9694a16fe3519ead3a,2,"[1,0,1,1]",2,6,6,1,26.37,"[{""persona"": ""You are a senior modeler at Pigment.""}, {""block_type"": ""Table""}, {""metadata"": {""a"": ""name"", ""b"": ""new_block_name""}}]"
5a6efe1edad50e9694a16fe3519ead3a,3,"[0,1,1,1,1,1]",1,3,5,0,28.28,"[{""persona"": ""You are a senior modeler at Pigment.""}, {""block_type"": ""Table""}, {""metadata"": {""a"": ""name"", ""b"": ""new_block_name""}}]"
5a6efe1edad50e9694a16fe3519ead3a,4,"[1,1,1]",2,4,5,0,33.7,"[{""persona"": ""You are a senior modeler at Pigment.""}, {""block_type"": ""Table""}, {""metadata"": {""a"": ""name"", ""b"": ""new_block_name""}}]"
5a6efe1edad50e9694a16fe3519ead3a,5,"[1,1,0]",0,5,7,0,30.72,"[{""persona"": ""You are a senior modeler at Pigment.""}, {""block_type"": ""Table""}, {""metadata"": {""a"": ""name"", ""b"": ""new_block_name""}}]"
5a6efe1edad50e9694a16fe3519ead3a,6,"[1,0,1,1,1]",1,3,4,1,48.16,"[{""persona"": ""You are a senior modeler at Pigment.""}, {""block_type"": ""Table""}, {""metadata"": {""a"": ""name"", ""b"": ""new_block_name""}}]"
5a6efe1edad50e9694a16fe3519ead3a,7,"[1,1,1]",3,3,5,0,5.83,"[{""persona"": ""You are a senior modeler at Pigment.""}, {""block_type"": ""Table""}, {""metadata"": {""a"": ""name"", ""b"": ""new_block_name""}}]"
5a6efe1edad50e9694a16fe3519ead3a,8,"[1,1,0,0,1,1,1]",2,7,9,0,15.2,"[{""persona"": ""You are a senior modeler at Pigment.""}, {""block_type"": ""Table""}, {""metadata"": {""a"": ""name"", ""b"": ""new_block_name""}}]"
5a6efe1edad50e9694a16fe3519ead3a,9,"[1,0,1,0]",3,3,4,1,29.7,"[{""persona"": ""You are a senior modeler at Pigment.""}, {""block_type"": ""Table""}, {""metadata"": {""a"": ""name"", ""b"": ""new_block_name""}}]"
5a6efe1edad50e9694a16fe3519ead3a,10,"[1,1,1]",3,5,6,0,39.04,"[{""persona"": ""You are a senior modeler at Pigment.""}, {""block_type"": ""Table""}, {""metadata"": {""a"": ""name"", ""b"": ""new_block_name""}}]"
c3a3c2d25eb748bf525c2b2663fe6448,1,"[1,1,0,1,1,0,0,1]",1,2,3,0,32.89,"[{""persona"": ""You are a senior modeler at Pigment.""}, {""block_type"": ""Table""}, {""metadata"": {""a"": ""description"", ""b"": ""this is a new block description for this block""}}]"
c3a3c2d25eb748bf525c2b2663fe6448,2,"[1,0,1,1,1,1,0]",1,4,5,0,12.86,"[{""persona"": ""You are a senior modeler at Pigment.""}, {""block_type"": ""Table""}, {""metadata"": {""a"": ""description"", ""b"": ""this is a new block description for this block""}}]"
c3a3c2d25eb748bf525c2b2663fe6448,3,"[1,1,1,1,1,1]",3,2,3,1,23.72,"[{""persona"": ""You are a senior modeler at Pigment.""}, {""block_type"": ""Table""}, {""metadata"": {""a"": ""description"", ""b"": ""this is a new block description for this block""}}]"
c3a3c2d25eb748bf525c2b2663fe6448,4,"[1,1,1,1,0,1]",5,8,10,1,33.26,"[{""persona"": ""You are a senior modeler at Pigment.""}, {""block_type"": ""Table""}, {""metadata"": {""a"": ""description"", ""b"": ""this is a new block description for this block""}}]"
c3a3c2d25eb748bf525c2b2663fe6448,5,"[1,1,1,1,1,1]",3,3,5,0,40.5,"[{""persona"": ""You are a senior modeler at Pigment.""}, {""block_type"": ""Table""}, {""metadata"": {""a"": ""description"", ""b"": ""this is a new block description for this block""}}]"
c3a3c2d25eb748bf525c2b2663fe6448,6,"[1,1,1]",1,3,4,0,36.57,"[{""persona"": ""You are a senior modeler at Pigment.""}, {""block_type"": ""Table""}, {""metadata"": {""a"": ""description"", ""b"": ""this is a new block description for this block""}}]"
c3a3c2d25eb748bf525c2b2663fe6448,7,"[1,1,1,1,1]",4,4,4,0,44.2,"[{""persona"": ""You are a senior modeler at Pigment.""}, {""block_type"": ""Table""}, {""metadata"": {""a"": ""description"", ""b"": ""this is a new block description for this block""}}]"
c3a3c2d25eb748bf525c2b2663fe6448,8,"[1,0,0,1,0,1,1,1]",1,4,6,1,29.0,"[{""persona"": ""You are a senior modeler at Pigment.""}, {""block_type"": ""Table""}, {""metadata"": {""a"": ""description"", ""b"": ""this is a new block description for this block""}}]"
c3a3c2d25eb748bf525c2b2663fe6448,9,"[0,1,1,1,1]",1,4,4,0,44.78,"[{""persona"": ""You are a senior modeler at Pigment.""}, {""block_type"": ""Table""}, {""metadata"": {""a"": ""description"", ""b"": ""this is a new block description for this block""}}]"
c3a3c2d25eb748bf525c2b2663fe6448,10,"[1,1,1,1,0,1]",2,5,7,0,29.89,"[{""persona"": ""You are a senior modeler at Pigment.""}, {""block_type"": ""Table""}, {""metadata"": {""a"": ""description"", ""b"": ""this is a new block description for this block""}}]"
60f846ed66b0e4926839d978203cf7f1,1,"[1,1,1,1,1,0,1]",1,3,5,0,13.33,"[{""persona"": ""You are a senior modeler at Pigment.""}, {""block_type"": ""Table""}, {""metadata"": {""a"": ""folder_path"", ""b"": ""allblocks/new""}}]"
60f846ed66b0e4926839d978203cf7f1,2,"[1,1,1,0,0,1]",4,2,3,0,22.5,"[{""persona"": ""You are a senior modeler at Pigment.""}, {""block_type"": ""Table""}, {""metadata"": {""a"": ""folder_path"", ""b"": ""allblocks/new""}}]"
60f846ed66b0e4926839d978203cf7f1,3,"[1,1,0,0,0,1,1,1]",1,3,5,0,32.77,"[{""persona"": ""You are a senior modeler at Pigment.""}, {""block_type"": ""Table""}, {""metadata"": {""a"": ""folder_path"", ""b"": ""allblocks/new""}}]"
60f846ed66b0e4926839d978203cf7f1,4,"[1,1,1,1,1,1,0,1]",2,2,4,0,34.03,"[{""persona"": ""You are a senior modeler at Pigment.""}, {""block_type"": ""Table""}, {""metadata"": {""a"": ""folder_path"", ""b"": ""allblocks/new""}}]"
60f846ed66b0e4926839d978203cf7f1,5,"[1,0,1,0]",4,5,5,0,30.44,"[{""persona"": ""You are a senior modeler at Pigment.""}, {""block_type"": ""Table""}, {""metadata"": {""a"": ""folder_path"", ""b"": ""allblocks/new""}}]"
60f846ed66b0e4926839d978203cf7f1,6,"[1,1,0,1,1]",0,3,3,0,31.97,"[{""persona"": ""You are a senior modeler at Pigment.""}, {""block_type"": ""Table""}, {""metadata"": {""a"": ""folder_path"", ""b"": ""allblocks/new""}}]"
60f846ed66b0e4926839d978203cf7f1,7,"[1,1,1,1,1,1,0,0]",0,4,4,0,19.3,"[{""persona"": ""You are a senior modeler at Pigment.""}, {""block_type"": ""Table""}, {""metadata"": {""a"": ""folder_path"", ""b"": ""allblocks/new""}}]"
60f846ed66b0e4926839d978203cf7f1,8,"[1,1,1,0,1,0,1,1]",5,5,7,0,18.06,"[{""persona"": ""You are a senior modeler at Pigment.""}, {""block_type"": ""Table""}, {""metadata"": {""a"": ""folder_path"", ""b"": ""allblocks/new""}}]"
60f846ed66b0e4926839d978203cf7f1,9,"[0,1,1,1,1,1]",2,5,7,0,15.35,"[{""persona"": ""You are a senior modeler at Pigment.""}, {""block_type"": ""Table""}, {""metadata"": {""a"": ""folder_path"", ""b"": ""allblocks/new""}}]"
60f846ed66b0e4926839d978203cf7f1,10,"[1,1,1,1]",4,4,6,0,36.67,"[{""persona"": ""You are a senior modeler at Pigment.""}, {""block_type"": ""Table""}, {""metadata"": {""a"": ""folder_path"", ""b"": ""allblocks/new""}}]"
